<?xml version="1.0" encoding="UTF-8" ?>
<auction xmlns="http://schemas.packtpub.com/obay/auc">
   <auctionId>1</auctionId>
   <auctionStatus>344</auctionStatus>
   <auctionItem>
      <auctionType>tA5</auctionType>
      <startTime>2009-02-05T13:03:20.015</startTime>
      <endTime>2009-02-05T13:03:20.015</endTime>
      <startingPrice>60.73</startingPrice>
      <reservePrice>70.73</reservePrice>
      <winningPrice>80.73</winningPrice>
      <winningBid>
         <bidNo>9</bidNo>
         <bidderId>bidderId10</bidderId>
         <bidtime>2009-02-05T13:03:20.015</bidtime>
         <maxAmount>110.73</maxAmount>
         <bidAmount>120.72</bidAmount>
         <status>status13</status>
      </winningBid>
      <bidHistory>
         <bid>
            <bidNo>14</bidNo>
            <bidderId>bidderId15</bidderId>
            <bidtime>2009-02-05T13:03:20.015</bidtime>
            <maxAmount>160.73</maxAmount>
            <bidAmount>170.73</bidAmount>
            <status>status18</status>
         </bid>
         <bid>
            <bidNo>19</bidNo>
            <bidderId>bidderId20</bidderId>
            <bidtime>2009-02-05T13:03:20.015</bidtime>
            <maxAmount>210.73</maxAmount>
            <bidAmount>220.73</bidAmount>
            <status>status23</status>
         </bid>
         <bid>
            <bidNo>24</bidNo>
            <bidderId>bidderId25</bidderId>
            <bidtime>2009-02-05T13:03:20.015</bidtime>
            <maxAmount>260.73</maxAmount>
            <bidAmount>270.73</bidAmount>
            <status>status28</status>
         </bid>
      </bidHistory>
   </auctionItem>
</auction>
