<?xml version="1.0" encoding="UTF-8"?>
<faultPolicy version="2.0.1" id="CreditCardPolicy" 
             xmlns:env="http://schemas.xmlsoap.org/soap/envelope/" 
             xmlns:xs="http://www.w3.org/2001/XMLSchema" 
             xmlns:flt="http://schemas.packtpub.com/obay/flt"
             xmlns="http://schemas.oracle.com/bpel/faultpolicy" 
             xmlns:xsi="http://www.w3.org/2001/XMLSchema-instance">
	<!-- This section describes fault conditions. Build more conditions with faultName, test and action -->
        <!-- Note this Fault Policy Has Been Bound to the BillUser Process -->
	<Conditions>
		<!-- Fault if wsdlRuntimeLocation is not reachable -->
		<faultName xmlns:tns="http://xmlns.packtpub.com/obay/ivs/CreditCard" name="tns:transportFault">
                    <condition>
                        <test>$fault.payload/flt:fault/flt:code="380002"</test>
                        <action ref="ora-retry"/>
                    </condition>
                    <condition>
                        <action ref="ora-human-intervention"/>
                    </condition>
		</faultName>
		<faultName xmlns:tns="http://xmlns.packtpub.com/obay/ivs/CreditCard" name="tns:invalidCreditCard">
                    <condition>
                        <action ref="ora-human-intervention"/>
                    </condition>
		</faultName>
	</Conditions>
	<Actions>
		<!-- This action will attempt 8 retries at increasing intervals of 2, 4, 8, 16, 32, 64, 128, and 256 seconds. -->
		<Action id="ora-retry">
			<retry>
				<retryCount>5</retryCount>
				<retryInterval>10</retryInterval>
                                <retryFailureAction ref="ora-human-intervention"/>
				<exponentialBackoff/>
			</retry>
		</Action>
		<!-- This is an action will cause a replay scope fault-->
		<Action id="ora-replay-scope">
			<replayScope/>
		</Action>
		<!-- This is an action will bubble up the fault-->
		<Action id="ora-rethrow-fault">
			<rethrowFault/>
		</Action>
		<!-- This is an action will mark the work item to be "pending recovery from console"-->
		<Action id="ora-human-intervention">
			<humanIntervention/>
		</Action>
		<!-- This action will cause the instance to terminate-->
		<Action id="ora-terminate">
			<abort/>
		</Action>
	</Actions>
</faultPolicy>
