<?xml version = '1.0' encoding = 'UTF-8'?>
<graphics>
   <outliner outliner_mode="false"/>
   <partnerlink_locations>
      <partnerlink name="client" x="15" y="1546" side="left"/>
      <partnerlink name="AuctionProxy" x="823" y="533" side="right"/>
      <partnerlink name="Listing" x="823" y="287" side="right"/>
      <partnerlink name="OrderFulfillment" x="823" y="1430" side="right"/>
      <partnerlink name="userManagement" x="823" y="2601" side="right"/>
   </partnerlink_locations>
   <diagram popupeditor="false" fixed_width_swimlanes="true" rounded_partnerlinks="true" centerzoom="true" validateonload="true" confirmbeforedelete="true" SELECTED_PARTNERLINK_COLOR="0,0,153" SWIMLANE_BACKGROUND="240,240,240" SWIMLANE_DIVIDER_BACKGROUND="218,218,218" GRAPH_BACKGROUND="255,255,255" SELECTED_BORDER_BACKGROUND="0,153,153" CONNECTED_PARTNERLINK_COLOR="204,204,255" CONNECTABLE_PARTNERLINK_COLOR="0,0,255" UNCONNECTED_PARTNERLINK_COLOR="192,192,192"/>
   <graph_layout save_collapse_state="yes" viewport="32,2178,917,405" show_swimlanes="true">
      <layout_item collapsed="false" xpath="/process/process" type="Process" showhandlers="true"/>
      <layout_item collapsed="false" xpath="/process/sequence" type="Sequence"/>
      <layout_item collapsed="false" xpath="/process/sequence/scope" type="Scope" showhandlers="true"/>
      <layout_item collapsed="false" xpath="/process/sequence/scope/sequence" type="Sequence"/>
      <layout_item collapsed="false" xpath="/process/sequence/scope/sequence/scope" type="Scope" showhandlers="true"/>
      <layout_item collapsed="false" xpath="/process/sequence/scope/sequence/scope/sequence" type="Sequence"/>
      <layout_item collapsed="false" xpath="/process/sequence/switch[1]" type="Switch"/>
      <layout_item collapsed="false" xpath="/process/sequence/switch[1]/case" type="Case"/>
      <layout_item collapsed="false" xpath="/process/sequence/switch[1]/case/sequence" type="Sequence"/>
      <layout_item collapsed="false" xpath="/process/sequence/switch[1]/case/sequence/scope" type="Scope" showhandlers="true"/>
      <layout_item collapsed="false" xpath="/process/sequence/switch[1]/case/sequence/scope/sequence" type="Sequence"/>
      <layout_item collapsed="false" xpath="/process/sequence/switch[1]/otherwise" type="Default"/>
      <layout_item collapsed="false" xpath="/process/sequence/switch[2]" type="Switch"/>
      <layout_item collapsed="false" xpath="/process/sequence/switch[2]/case" type="Case"/>
      <layout_item collapsed="false" xpath="/process/sequence/switch[2]/case/scope" type="Scope" showhandlers="true"/>
      <layout_item collapsed="false" xpath="/process/sequence/switch[2]/case/scope/sequence" type="Sequence"/>
      <layout_item collapsed="false" xpath="/process/sequence/switch[2]/case/scope/sequence/scope[1]" type="Scope" showhandlers="true"/>
      <layout_item collapsed="false" xpath="/process/sequence/switch[2]/case/scope/sequence/scope[1]/sequence" type="Sequence"/>
      <layout_item collapsed="true" xpath="/process/sequence/switch[2]/case/scope/sequence/scope[2]" type="Scope" showhandlers="true"/>
      <layout_item collapsed="false" xpath="/process/sequence/switch[2]/case/scope/sequence/scope[2]/sequence" type="Sequence"/>
      <layout_item collapsed="false" xpath="/process/sequence/switch[2]/case/scope/sequence/scope[3]" type="Scope" showhandlers="true"/>
      <layout_item collapsed="false" xpath="/process/sequence/switch[2]/case/scope/sequence/scope[3]/sequence" type="Sequence"/>
      <layout_item collapsed="false" xpath="/process/sequence/switch[2]/otherwise" type="Default"/>
      <layout_item collapsed="true" xpath="/process/sequence/switch[2]/otherwise/scope" type="Scope" showhandlers="true"/>
      <layout_item collapsed="false" xpath="/process/sequence/switch[2]/otherwise/scope/sequence" type="Sequence"/>
   </graph_layout>
   <iconize assign="no" invoke="no" receive="no" reply="no" transform="no" terminate="no" wait="no" compensate="no" empty="no" java_embed="no" throw="no" validate="no" dropzones="no" sequences="no" scopes="no" picks="no" whiles="no" flows="no" optimize="no"/>
   <bookmarks>
      <bookmark name="Initiate Activity" xpath="/process/sequence/receive" type="1"/>
   </bookmarks>
</graphics>
