<?xml version="1.0" encoding="UTF-8"?>
<java-wsdl-mapping xmlns="http://java.sun.com/xml/ns/j2ee"
                   xmlns:xsi="http://www.w3.org/2001/XMLSchema-instance"
                   xsi:schemaLocation="http://java.sun.com/xml/ns/j2ee
                   http://www.ibm.com/webservices/xsd/j2ee_jaxrpc_mapping_1_1.xsd"
                   version="1.1">
  <package-mapping>
    <package-type>oracle.bpel.services.common</package-type>
    <namespaceURI>http://xmlns.oracle.com/bpel</namespaceURI>
  </package-mapping>
  <package-mapping>
    <package-type>oracle.bpel.services.rules</package-type>
    <namespaceURI>http://xmlns.packtpub.com/obay/bs/Auction/AuctionDecisionService</namespaceURI>
  </package-mapping>
  <java-xml-type-mapping>
    <java-type>javax.xml.soap.SOAPElement</java-type>
    <root-type-qname xmlns:rtq="http://xmlns.packtpub.com/obay/bs/Auction/AuctionDecisionService">rtq:tWatchList</root-type-qname>
    <qname-scope>complexType</qname-scope>
  </java-xml-type-mapping>
  <java-xml-type-mapping>
    <java-type>javax.xml.soap.SOAPElement</java-type>
    <root-type-qname xmlns:rtq="http://xmlns.packtpub.com/obay/bs/Auction/AuctionDecisionService">rtq:tAssertExecuteWatchStatelessPattern</root-type-qname>
    <qname-scope>complexType</qname-scope>
  </java-xml-type-mapping>
  <java-xml-type-mapping>
    <java-type>javax.xml.soap.SOAPElement</java-type>
    <root-type-qname xmlns:rtq="http://www.w3.org/2001/XMLSchema">rtq:NCName</root-type-qname>
    <qname-scope>simpleType</qname-scope>
  </java-xml-type-mapping>
  <java-xml-type-mapping>
    <java-type>javax.xml.soap.SOAPElement</java-type>
    <root-type-qname xmlns:rtq="http://xmlns.packtpub.com/obay/bs/Auction/AuctionDecisionService">rtq:tAssertExecuteWatchStatefulDecision</root-type-qname>
    <qname-scope>complexType</qname-scope>
  </java-xml-type-mapping>
  <java-xml-type-mapping>
    <java-type>javax.xml.soap.SOAPElement</java-type>
    <root-type-qname xmlns:rtq="http://xmlns.packtpub.com/obay/bs/Auction/AuctionDecisionService">rtq:callFunctionStatefulDecision</root-type-qname>
    <qname-scope>element</qname-scope>
  </java-xml-type-mapping>
  <java-xml-type-mapping>
    <java-type>javax.xml.soap.SOAPElement</java-type>
    <root-type-qname xmlns:rtq="http://xmlns.packtpub.com/obay/bs/Auction/AuctionDecisionService">rtq:callFunctionStatelessDecision</root-type-qname>
    <qname-scope>element</qname-scope>
  </java-xml-type-mapping>
  <java-xml-type-mapping>
    <java-type>javax.xml.soap.SOAPElement</java-type>
    <root-type-qname xmlns:rtq="http://xmlns.packtpub.com/obay/bs/Auction/AuctionDecisionService">rtq:tAssertExecuteWatchStatefulPattern</root-type-qname>
    <qname-scope>complexType</qname-scope>
  </java-xml-type-mapping>
  <java-xml-type-mapping>
    <java-type>javax.xml.soap.SOAPElement</java-type>
    <root-type-qname xmlns:rtq="http://xmlns.oracle.com/bpel">rtq:bpelProcess</root-type-qname>
    <qname-scope>element</qname-scope>
  </java-xml-type-mapping>
  <java-xml-type-mapping>
    <java-type>javax.xml.soap.SOAPElement</java-type>
    <root-type-qname xmlns:rtq="http://websphere.ibm.com/webservices/">rtq:SOAPElement</root-type-qname>
    <qname-scope>complexType</qname-scope>
  </java-xml-type-mapping>
  <java-xml-type-mapping>
    <java-type>javax.xml.soap.SOAPElement</java-type>
    <root-type-qname xmlns:rtq="http://xmlns.packtpub.com/obay/bs/Auction/AuctionDecisionService">rtq:tAssertExecuteWatchStatelessDecision</root-type-qname>
    <qname-scope>complexType</qname-scope>
  </java-xml-type-mapping>
  <java-xml-type-mapping>
    <java-type>javax.xml.soap.SOAPElement</java-type>
    <root-type-qname xmlns:rtq="http://xmlns.packtpub.com/obay/bs/Auction/AuctionDecisionService">rtq:callFunctionStateless</root-type-qname>
    <qname-scope>element</qname-scope>
  </java-xml-type-mapping>
  <java-xml-type-mapping>
    <java-type>javax.xml.soap.SOAPElement</java-type>
    <root-type-qname xmlns:rtq="http://xmlns.packtpub.com/obay/bs/Auction/AuctionDecisionService">rtq:tWatchDecision</root-type-qname>
    <qname-scope>complexType</qname-scope>
  </java-xml-type-mapping>
  <java-xml-type-mapping>
    <java-type>javax.xml.soap.SOAPElement</java-type>
    <root-type-qname xmlns:rtq="http://xmlns.packtpub.com/obay/bs/Auction/AuctionDecisionService">rtq:assertExecuteWatchStatefulDecision</root-type-qname>
    <qname-scope>element</qname-scope>
  </java-xml-type-mapping>
  <java-xml-type-mapping>
    <java-type>javax.xml.soap.SOAPElement</java-type>
    <root-type-qname xmlns:rtq="http://xmlns.packtpub.com/obay/bs/Auction/AuctionDecisionService">rtq:tProperty</root-type-qname>
    <qname-scope>complexType</qname-scope>
  </java-xml-type-mapping>
  <java-xml-type-mapping>
    <java-type>javax.xml.soap.SOAPElement[]</java-type>
    <anonymous-type-qname>http://www.w3.org/2001/XMLSchema:NCName[0,unbounded]</anonymous-type-qname>
    <qname-scope>complexType</qname-scope>
  </java-xml-type-mapping>
  <java-xml-type-mapping>
    <java-type>javax.xml.soap.SOAPElement</java-type>
    <root-type-qname xmlns:rtq="http://xmlns.packtpub.com/obay/bs/Auction/AuctionDecisionService">rtq:assertExecuteWatchStateful</root-type-qname>
    <qname-scope>element</qname-scope>
  </java-xml-type-mapping>
  <java-xml-type-mapping>
    <java-type>javax.xml.soap.SOAPElement</java-type>
    <root-type-qname xmlns:rtq="http://xmlns.oracle.com/bpel">rtq:tBpelProcess</root-type-qname>
    <qname-scope>complexType</qname-scope>
  </java-xml-type-mapping>
  <java-xml-type-mapping>
    <java-type>javax.xml.soap.SOAPElement</java-type>
    <root-type-qname xmlns:rtq="http://xmlns.packtpub.com/obay/bs/Auction/AuctionDecisionService">rtq:tDecisionServiceError</root-type-qname>
    <qname-scope>complexType</qname-scope>
  </java-xml-type-mapping>
  <java-xml-type-mapping>
    <java-type>javax.xml.soap.SOAPElement</java-type>
    <root-type-qname xmlns:rtq="http://www.w3.org/2001/XMLSchema">rtq:long</root-type-qname>
    <qname-scope>simpleType</qname-scope>
  </java-xml-type-mapping>
  <java-xml-type-mapping>
    <java-type>javax.xml.soap.SOAPElement</java-type>
    <root-type-qname xmlns:rtq="http://xmlns.packtpub.com/obay/bs/Auction/AuctionDecisionService">rtq:tPropertyList</root-type-qname>
    <qname-scope>complexType</qname-scope>
  </java-xml-type-mapping>
  <java-xml-type-mapping>
    <java-type>org.w3c.dom.Element</java-type>
    <root-type-qname xmlns:rtq="http://xml.apache.org/xml-soap">rtq:Element</root-type-qname>
    <qname-scope>complexType</qname-scope>
  </java-xml-type-mapping>
  <java-xml-type-mapping>
    <java-type>javax.xml.soap.SOAPElement</java-type>
    <root-type-qname xmlns:rtq="http://xmlns.packtpub.com/obay/bs/Auction/AuctionDecisionService">rtq:tCallFunctionStatefulPattern</root-type-qname>
    <qname-scope>complexType</qname-scope>
  </java-xml-type-mapping>
  <java-xml-type-mapping>
    <java-type>javax.xml.soap.SOAPElement</java-type>
    <root-type-qname xmlns:rtq="http://xmlns.packtpub.com/obay/bs/Auction/AuctionDecisionService">rtq:tCallFunctionStatelessDecision</root-type-qname>
    <qname-scope>complexType</qname-scope>
  </java-xml-type-mapping>
  <java-xml-type-mapping>
    <java-type>javax.xml.soap.SOAPElement</java-type>
    <root-type-qname xmlns:rtq="http://www.w3.org/2001/XMLSchema">rtq:anyType</root-type-qname>
    <qname-scope>simpleType</qname-scope>
  </java-xml-type-mapping>
  <java-xml-type-mapping>
    <java-type>javax.xml.soap.SOAPElement</java-type>
    <root-type-qname xmlns:rtq="http://xmlns.packtpub.com/obay/bs/Auction/AuctionDecisionService">rtq:tDecisionContext</root-type-qname>
    <qname-scope>complexType</qname-scope>
  </java-xml-type-mapping>
  <java-xml-type-mapping>
    <java-type>javax.xml.soap.SOAPElement</java-type>
    <root-type-qname xmlns:rtq="http://xmlns.packtpub.com/obay/bs/Auction/AuctionDecisionService">rtq:tCallFunctionStatelessPattern</root-type-qname>
    <qname-scope>complexType</qname-scope>
  </java-xml-type-mapping>
  <java-xml-type-mapping>
    <java-type>javax.xml.soap.SOAPElement</java-type>
    <root-type-qname xmlns:rtq="http://xmlns.packtpub.com/obay/bs/Auction/AuctionDecisionService">rtq:tCallFunctionStatefulDecision</root-type-qname>
    <qname-scope>complexType</qname-scope>
  </java-xml-type-mapping>
  <java-xml-type-mapping>
    <java-type>javax.xml.soap.SOAPElement</java-type>
    <root-type-qname xmlns:rtq="http://xmlns.packtpub.com/obay/bs/Auction/AuctionDecisionService">rtq:tDecideContext</root-type-qname>
    <qname-scope>complexType</qname-scope>
  </java-xml-type-mapping>
  <java-xml-type-mapping>
    <java-type>javax.xml.soap.SOAPElement</java-type>
    <root-type-qname xmlns:rtq="http://xmlns.packtpub.com/obay/bs/Auction/AuctionDecisionService">rtq:tAssertExecutePattern</root-type-qname>
    <qname-scope>complexType</qname-scope>
  </java-xml-type-mapping>
  <java-xml-type-mapping>
    <java-type>javax.xml.soap.SOAPElement</java-type>
    <root-type-qname xmlns:rtq="http://xmlns.packtpub.com/obay/bs/Auction/AuctionDecisionService">rtq:tWatchPattern</root-type-qname>
    <qname-scope>complexType</qname-scope>
  </java-xml-type-mapping>
  <java-xml-type-mapping>
    <java-type>javax.xml.soap.SOAPElement</java-type>
    <root-type-qname xmlns:rtq="http://xmlns.packtpub.com/obay/bs/Auction/AuctionDecisionService">rtq:tAssertPattern</root-type-qname>
    <qname-scope>complexType</qname-scope>
  </java-xml-type-mapping>
  <java-xml-type-mapping>
    <java-type>javax.xml.soap.SOAPElement</java-type>
    <root-type-qname xmlns:rtq="http://xmlns.packtpub.com/obay/bs/Auction/AuctionDecisionService">rtq:errorInfo</root-type-qname>
    <qname-scope>element</qname-scope>
  </java-xml-type-mapping>
  <java-xml-type-mapping>
    <java-type>javax.xml.soap.SOAPElement</java-type>
    <root-type-qname xmlns:rtq="http://xmlns.packtpub.com/obay/bs/Auction/AuctionDecisionService">rtq:assertExecuteWatchStateless</root-type-qname>
    <qname-scope>element</qname-scope>
  </java-xml-type-mapping>
  <java-xml-type-mapping>
    <java-type>javax.xml.soap.SOAPElement</java-type>
    <root-type-qname xmlns:rtq="http://www.w3.org/2001/XMLSchema">rtq:string</root-type-qname>
    <qname-scope>simpleType</qname-scope>
  </java-xml-type-mapping>
  <java-xml-type-mapping>
    <java-type>javax.xml.soap.SOAPElement</java-type>
    <root-type-qname xmlns:rtq="http://xmlns.packtpub.com/obay/bs/Auction/AuctionDecisionService">rtq:watchDecision</root-type-qname>
    <qname-scope>element</qname-scope>
  </java-xml-type-mapping>
  <java-xml-type-mapping>
    <java-type>javax.xml.soap.SOAPElement</java-type>
    <root-type-qname xmlns:rtq="http://xmlns.packtpub.com/obay/bs/Auction/AuctionDecisionService">rtq:watch</root-type-qname>
    <qname-scope>element</qname-scope>
  </java-xml-type-mapping>
  <java-xml-type-mapping>
    <java-type>javax.xml.soap.SOAPElement</java-type>
    <root-type-qname xmlns:rtq="http://xmlns.packtpub.com/obay/bs/Auction/AuctionDecisionService">rtq:assertExecute</root-type-qname>
    <qname-scope>element</qname-scope>
  </java-xml-type-mapping>
  <java-xml-type-mapping>
    <java-type>javax.xml.soap.SOAPElement</java-type>
    <root-type-qname xmlns:rtq="http://xmlns.packtpub.com/obay/bs/Auction/AuctionDecisionService">rtq:callFunctionStateful</root-type-qname>
    <qname-scope>element</qname-scope>
  </java-xml-type-mapping>
  <java-xml-type-mapping>
    <java-type>javax.xml.soap.SOAPElement</java-type>
    <root-type-qname xmlns:rtq="http://xmlns.packtpub.com/obay/bs/Auction/AuctionDecisionService">rtq:assertExecuteWatchStatelessDecision</root-type-qname>
    <qname-scope>element</qname-scope>
  </java-xml-type-mapping>
  <java-xml-type-mapping>
    <java-type>javax.xml.soap.SOAPElement</java-type>
    <root-type-qname xmlns:rtq="http://xmlns.packtpub.com/obay/bs/Auction/AuctionDecisionService">rtq:assert</root-type-qname>
    <qname-scope>element</qname-scope>
  </java-xml-type-mapping>
  <java-xml-type-mapping>
    <java-type>javax.xml.soap.SOAPElement[]</java-type>
    <anonymous-type-qname>http://xmlns.packtpub.com/obay/bs/Auction/AuctionDecisionService:tProperty[0,unbounded]</anonymous-type-qname>
    <qname-scope>complexType</qname-scope>
  </java-xml-type-mapping>
  <java-xml-type-mapping>
    <java-type>javax.xml.soap.SOAPElement[]</java-type>
    <anonymous-type-qname>http://xmlns.packtpub.com/obay/bs/Auction/AuctionDecisionService:tPropertyList&gt;property[0,unbounded]</anonymous-type-qname>
    <qname-scope>complexType</qname-scope>
  </java-xml-type-mapping>
  <java-xml-type-mapping>
    <java-type>javax.xml.soap.SOAPElement[]</java-type>
    <anonymous-type-qname>http://xmlns.packtpub.com/obay/bs/Auction/AuctionDecisionService:tWatchList&gt;watch[0,unbounded]</anonymous-type-qname>
    <qname-scope>complexType</qname-scope>
  </java-xml-type-mapping>
  <exception-mapping>
    <exception-type>oracle.bpel.services.rules.DecisionServiceError</exception-type>
    <wsdl-message xmlns:exMsg="http://xmlns.packtpub.com/obay/bs/Auction/AuctionDecisionService">exMsg:decisionServiceError</wsdl-message>
  </exception-mapping>
  <service-interface-mapping>
    <service-interface>oracle.bpel.services.rules.DecisionService</service-interface>
    <wsdl-service-name xmlns:serviceNS="http://xmlns.packtpub.com/obay/bs/Auction/AuctionDecisionService">serviceNS:AuctionDecisionService</wsdl-service-name>
    <port-mapping>
      <port-name>AuctionDecisionServicePort</port-name>
        <java-port-name>AuctionDecisionServicePort</java-port-name>
      </port-mapping>
  </service-interface-mapping>
  <service-endpoint-interface-mapping>
    <service-endpoint-interface>oracle.bpel.services.rules.IDecisionService</service-endpoint-interface>
    <wsdl-port-type xmlns:portTypeNS="http://xmlns.packtpub.com/obay/bs/Auction/AuctionDecisionService">portTypeNS:IDecisionService</wsdl-port-type>
    <wsdl-binding xmlns:bindingNS="http://xmlns.packtpub.com/obay/bs/Auction/AuctionDecisionService">bindingNS:AuctionDecisionServiceSOAPBinding</wsdl-binding>
    <service-endpoint-method-mapping>
      <java-method-name>_assert</java-method-name>
      <wsdl-operation>assert</wsdl-operation>
      <method-param-parts-mapping>
        <param-position>0</param-position>
        <param-type>javax.xml.soap.SOAPElement</param-type>
        <wsdl-message-mapping>
          <wsdl-message xmlns:wsdlMsgNS="http://xmlns.packtpub.com/obay/bs/Auction/AuctionDecisionService">wsdlMsgNS:assertMessage</wsdl-message>
          <wsdl-message-part-name>payload</wsdl-message-part-name>
          <parameter-mode>IN</parameter-mode>
        </wsdl-message-mapping>
      </method-param-parts-mapping>
    </service-endpoint-method-mapping>    <service-endpoint-method-mapping>
      <java-method-name>assertExecute</java-method-name>
      <wsdl-operation>assertExecute</wsdl-operation>
      <method-param-parts-mapping>
        <param-position>0</param-position>
        <param-type>javax.xml.soap.SOAPElement</param-type>
        <wsdl-message-mapping>
          <wsdl-message xmlns:wsdlMsgNS="http://xmlns.packtpub.com/obay/bs/Auction/AuctionDecisionService">wsdlMsgNS:assertExecuteMessage</wsdl-message>
          <wsdl-message-part-name>payload</wsdl-message-part-name>
          <parameter-mode>IN</parameter-mode>
        </wsdl-message-mapping>
      </method-param-parts-mapping>
    </service-endpoint-method-mapping>    <service-endpoint-method-mapping>
      <java-method-name>assertExecuteWatchStateful</java-method-name>
      <wsdl-operation>assertExecuteWatchStateful</wsdl-operation>
      <method-param-parts-mapping>
        <param-position>0</param-position>
        <param-type>javax.xml.soap.SOAPElement</param-type>
        <wsdl-message-mapping>
          <wsdl-message xmlns:wsdlMsgNS="http://xmlns.packtpub.com/obay/bs/Auction/AuctionDecisionService">wsdlMsgNS:assertExecuteWatchStatefulMessage</wsdl-message>
          <wsdl-message-part-name>payload</wsdl-message-part-name>
          <parameter-mode>IN</parameter-mode>
        </wsdl-message-mapping>
      </method-param-parts-mapping>
      <wsdl-return-value-mapping>
        <method-return-value>javax.xml.soap.SOAPElement</method-return-value>
        <wsdl-message xmlns:wsdlMsgNS="http://xmlns.packtpub.com/obay/bs/Auction/AuctionDecisionService">wsdlMsgNS:assertExecuteWatchStatefulDecisionMessage</wsdl-message>
        <wsdl-message-part-name>payload</wsdl-message-part-name>
      </wsdl-return-value-mapping>
    </service-endpoint-method-mapping>    <service-endpoint-method-mapping>
      <java-method-name>assertExecuteWatchStateless</java-method-name>
      <wsdl-operation>assertExecuteWatchStateless</wsdl-operation>
      <method-param-parts-mapping>
        <param-position>0</param-position>
        <param-type>javax.xml.soap.SOAPElement</param-type>
        <wsdl-message-mapping>
          <wsdl-message xmlns:wsdlMsgNS="http://xmlns.packtpub.com/obay/bs/Auction/AuctionDecisionService">wsdlMsgNS:assertExecuteWatchStatelessMessage</wsdl-message>
          <wsdl-message-part-name>payload</wsdl-message-part-name>
          <parameter-mode>IN</parameter-mode>
        </wsdl-message-mapping>
      </method-param-parts-mapping>
      <wsdl-return-value-mapping>
        <method-return-value>javax.xml.soap.SOAPElement</method-return-value>
        <wsdl-message xmlns:wsdlMsgNS="http://xmlns.packtpub.com/obay/bs/Auction/AuctionDecisionService">wsdlMsgNS:assertExecuteWatchStatelessDecisionMessage</wsdl-message>
        <wsdl-message-part-name>payload</wsdl-message-part-name>
      </wsdl-return-value-mapping>
    </service-endpoint-method-mapping>    <service-endpoint-method-mapping>
      <java-method-name>watch</java-method-name>
      <wsdl-operation>watch</wsdl-operation>
      <method-param-parts-mapping>
        <param-position>0</param-position>
        <param-type>javax.xml.soap.SOAPElement</param-type>
        <wsdl-message-mapping>
          <wsdl-message xmlns:wsdlMsgNS="http://xmlns.packtpub.com/obay/bs/Auction/AuctionDecisionService">wsdlMsgNS:watchMessage</wsdl-message>
          <wsdl-message-part-name>payload</wsdl-message-part-name>
          <parameter-mode>IN</parameter-mode>
        </wsdl-message-mapping>
      </method-param-parts-mapping>
      <wsdl-return-value-mapping>
        <method-return-value>javax.xml.soap.SOAPElement</method-return-value>
        <wsdl-message xmlns:wsdlMsgNS="http://xmlns.packtpub.com/obay/bs/Auction/AuctionDecisionService">wsdlMsgNS:watchDecisionMessage</wsdl-message>
        <wsdl-message-part-name>payload</wsdl-message-part-name>
      </wsdl-return-value-mapping>
    </service-endpoint-method-mapping>
  </service-endpoint-interface-mapping>
</java-wsdl-mapping>

