<webservices xmlns="http://java.sun.com/xml/ns/j2ee"
             xmlns:xsi="http://www.w3.org/2001/XMLSchema-instance"
             xsi:schemaLocation="http://java.sun.com/xml/ns/j2ee http://www.ibm.com/webservices/xsd/j2ee_web_services_1_1.xsd"
             version="1.1">
  <webservice-description>
    <webservice-description-name>AuctionDecisionService</webservice-description-name>
    <wsdl-file>WEB-INF/wsdl/AuctionDecisionService.wsdl</wsdl-file>
    <jaxrpc-mapping-file>WEB-INF/AuctionDecisionService-java-wsdl-mapping.xml</jaxrpc-mapping-file>
    <port-component>
      <port-component-name>AuctionDecisionServicePort</port-component-name>
      <wsdl-port xmlns:wsa0="http://xmlns.packtpub.com/obay/bs/Auction/AuctionDecisionService">wsa0:AuctionDecisionServicePort</wsdl-port>
      <service-endpoint-interface>oracle.bpel.services.rules.IDecisionService</service-endpoint-interface>
      <service-impl-bean>
        <servlet-link>AuctionDecisionServicePort</servlet-link>
      </service-impl-bean>
    </port-component>
  </webservice-description>
</webservices>
