<?xml version="1.0" encoding="UTF-8" standalone='yes'?>
<jazn-data
  xmlns:xsi="http://www.w3.org/2001/XMLSchema-instance"
  xsi:noNamespaceSchemaLocation="http://xmlns.oracle.com/oracleas/schema/jazn-data-10_0.xsd"
  schema-major-version="10"
  schema-minor-version="0"
>
<!-- JAZN Realm Data -->
<jazn-realm>
	<realm>
		<name>jazn.com</name>
		<users>
			<user deactivated="true">
				<name>anonymous</name>
				<guid>A86FB1F15F8E11DDBFDAD100B140AD30</guid>
				<description>The default guest/anonymous user</description>
			</user>
			<user>
				<name>oc4jadmin</name>
				<display-name>OC4J Administrator</display-name>
				<guid>A87222F05F8E11DDBFDAD100B140AD30</guid>
				<description>OC4J Administrator</description>
				<credentials>{903}mN4/Xi5vUO2EpfH+2/3pmNa4c5SMY0qH</credentials>
			</user>
			<user>
				<name>JtaAdmin</name>
				<display-name>JTA Recovery User</display-name>
				<guid>A87222F15F8E11DDBFDAD100B140AD30</guid>
				<description>Used to recover propagated OC4J transactions</description>
				<credentials>{903}Nd93AbWVOeuINQeXEWx87LeU5tS0Ikv385qKIrTcg1A=</credentials>
			</user>
			<user>
				<name>pwdforOraesb</name>
				<guid>1272D3215F8F11DDBFE191E29937215F</guid>
				<credentials>{903}pL7lThpMSycko3zmk3c4t9c/IYZjF3iD</credentials>
			</user>
			<user>
				<name>pwForOrabpel</name>
				<guid>5F0814715F8F11DD8F6391E29937215F</guid>
				<credentials>{903}9XRff9WhgzN+5Rt0l41df5KzKT8M1GS+</credentials>
			</user>
			<user>
				<name>default</name>
				<guid>79A87C715F8F11DDBFD455CFF880A169</guid>
				<credentials>{903}RiFg0Ze+690cCuVXF5DH/jd51djKuqyS</credentials>
			</user>
			<user>
				<name>bpeladmin</name>
				<guid>79A87C725F8F11DDBFD455CFF880A169</guid>
				<credentials>{903}VNQC7kJ5ZHbBtUzh9ewLM2KBquLZaJN/</credentials>
			</user>
			<user>
				<name>guest</name>
				<guid>79A87C735F8F11DDBFD455CFF880A169</guid>
				<credentials>{903}mfWlBy9hRTyAHU1kfNjSv6ubJH/1KFg/</credentials>
			</user>
			<user>
				<name>wfaulk</name>
				<guid>7A0F06715F8F11DD9F261B6F8042D89F</guid>
				<credentials>{903}fNBPAmY0xRBTNcpViESV0oPEdVnmZ+oR</credentials>
			</user>
			<user>
				<name>sfitzger</name>
				<guid>7A1150605F8F11DD9F261B6F8042D89F</guid>
				<credentials>{903}fnGkV8VCkJsA87WR4POq0I1bxvgDjYuw</credentials>
			</user>
			<user>
				<name>jstein</name>
				<guid>7A1150615F8F11DD9F261B6F8042D89F</guid>
				<credentials>{903}IwloQVPDOktr1kz8rYVV38GZsvHx9XJb</credentials>
			</user>
			<user>
				<name>istone</name>
				<guid>7A1150625F8F11DD9F261B6F8042D89F</guid>
				<credentials>{903}0IyrVMsTTjvDhoobO/EEEcSfVz53W9zE</credentials>
			</user>
			<user>
				<name>jcooper</name>
				<guid>7A1150635F8F11DD9F261B6F8042D89F</guid>
				<credentials>{903}s2zc8Kfv3hosMnlOog8zeOvtKiUvRo7L</credentials>
			</user>
			<user>
				<name>jlondon</name>
				<guid>7A1150645F8F11DD9F261B6F8042D89F</guid>
				<credentials>{903}5lipteu1gNCJmI/MUAC6vfligJIsHcRh</credentials>
			</user>
			<user>
				<name>mtwain</name>
				<guid>7A1150655F8F11DD9F261B6F8042D89F</guid>
				<credentials>{903}8hpQxYiAQA9qZWNzrhGxrgnvYJdyWr5F</credentials>
			</user>
			<user>
				<name>cdickens</name>
				<guid>7A1150665F8F11DD9F261B6F8042D89F</guid>
				<credentials>{903}tsX2VxuZYZJmavU9ZH1A+qQIdTQU58iN</credentials>
			</user>
			<user>
				<name>ltolstoy</name>
				<guid>7A1150675F8F11DD9F261B6F8042D89F</guid>
				<credentials>{903}NPJ5+qb3PJPACXaL/AEhWNjJiP1hWqD0</credentials>
			</user>
			<user>
				<name>fkafka</name>
				<guid>7A1150685F8F11DD9F261B6F8042D89F</guid>
				<credentials>{903}f9gKaZi11Hq0PjpbuKG2K6IOis95P6un</credentials>
			</user>
			<user>
				<name>szweig</name>
				<guid>7A1150695F8F11DD9F261B6F8042D89F</guid>
				<credentials>{903}S1t5BCgTj09nibYlNh5BGjXcx1hoRsi2</credentials>
			</user>
			<user>
				<name>mmitch</name>
				<guid>7A11506A5F8F11DD9F261B6F8042D89F</guid>
				<credentials>{903}Ukrg08FNUvsEpFBsgdsoBlTTCDqa/Suy</credentials>
			</user>
			<user>
				<name>jausten</name>
				<guid>7A11506B5F8F11DD9F261B6F8042D89F</guid>
				<credentials>{903}1Mhc5CGx24p0nPNrJ+WBP62nTACLyFKi</credentials>
			</user>
			<user>
				<name>achrist</name>
				<guid>7A11506C5F8F11DD9F261B6F8042D89F</guid>
				<credentials>{903}2Zl5X4VqApR4hwOS4WUZDSL+bRD0PFNN</credentials>
			</user>
			<user>
				<name>rsteven</name>
				<guid>7A11506D5F8F11DD9F261B6F8042D89F</guid>
				<credentials>{903}bny+dREu5rwcJK5mkX4jWor2k9PxdrHz</credentials>
			</user>
			<user>
				<name>cdoyle</name>
				<guid>7A11506E5F8F11DD9F261B6F8042D89F</guid>
				<credentials>{903}UU+jNIn0ShSr/vdnImJor3Wldj2mB1p2</credentials>
			</user>
			<user>
				<name>wshake</name>
				<guid>7A11506F5F8F11DD9F261B6F8042D89F</guid>
				<credentials>{903}YXfqoqa8oI4SwHJSWIX1erpZvzUZYYqy</credentials>
			</user>
		</users>
		<roles>
			<role>
				<name>oc4j-administrators</name>
				<display-name>OC4J Admin Role</display-name>
				<description>Administrative role for OC4J</description>
				<guid>A87222F25F8E11DDBFDAD100B140AD30</guid>
				<members>
					<member>
						<type>user</type>
						<name>oc4jadmin</name>
					</member>
					<member>
						<type>user</type>
						<name>JtaAdmin</name>
					</member>
				</members>
			</role>
			<role>
				<name>ascontrol_appadmin</name>
				<display-name>ASControl App Admin Role</display-name>
				<description>Application Administrative role for ASControl</description>
				<guid>A87222F65F8E11DDBFDAD100B140AD30</guid>
				<members>
				</members>
			</role>
			<role>
				<name>ascontrol_monitor</name>
				<display-name>ASControl Monitor Role</display-name>
				<description>Monitor role for ASControl</description>
				<guid>A87222F75F8E11DDBFDAD100B140AD30</guid>
				<members>
				</members>
			</role>
			<role>
				<name>oBayAdministrator</name>
				<guid></guid>
				<members>
					<member>
						<type>user</type>
						<name>cdoyle</name>
					</member>
					<member>
						<type>user</type>
						<name>mtwain</name>
					</member>
					<member>
						<type>user</type>
						<name>jcooper</name>
					</member>
				</members>
			</role>
			<role>
				<name>SuspectItemPanel</name>
				<guid></guid>
				<members>
					<member>
						<type>user</type>
						<name>sfitzger</name>
					</member>
					<member>
						<type>user</type>
						<name>jstein</name>
					</member>
					<member>
						<type>user</type>
						<name>ltolstoy</name>
					</member>
				</members>
			</role>
			<role>
				<name>EasternRegion</name>
				<guid>7A1150755F8F11DD9F261B6F8042D89F</guid>
				<members>
					<member>
						<type>user</type>
						<name>wshake</name>
					</member>
					<member>
						<type>user</type>
						<name>fkafka</name>
					</member>
					<member>
						<type>user</type>
						<name>szweig</name>
					</member>
					<member>
						<type>user</type>
						<name>mmitch</name>
					</member>
				</members>
			</role>
			<role>
				<name>CentralRegion</name>
				<guid>7A1150765F8F11DD9F261B6F8042D89F</guid>
				<members>
					<member>
						<type>user</type>
						<name>jlondon</name>
					</member>
					<member>
						<type>user</type>
						<name>mtwain</name>
					</member>
				</members>
			</role>
			<role>
				<name>LoanAnalyticGroup</name>
				<guid>7A1150715F8F11DD9F261B6F8042D89F</guid>
				<members>
					<member>
						<type>user</type>
						<name>fkafka</name>
					</member>
					<member>
						<type>user</type>
						<name>szweig</name>
					</member>
					<member>
						<type>user</type>
						<name>mmitch</name>
					</member>
				</members>
			</role>
			<role>
				<name>BPMSystemAdmin</name>
				<guid>79A87C745F8F11DDBFD455CFF880A169</guid>
				<members>
					<member>
						<type>user</type>
						<name>bpeladmin</name>
					</member>
					<member>
						<type>user</type>
						<name>oc4jadmin</name>
					</member>
				</members>
			</role>
			<role>
				<name>users</name>
				<display-name>users</display-name>
				<description>users role for rmi/ejb access</description>
				<guid>A87222F45F8E11DDBFDAD100B140AD30</guid>
				<members>
				</members>
			</role>
			<role>
				<name>ascontrol_admin</name>
				<display-name>ASControl Admin Role</display-name>
				<description>Administrative role for ASControl</description>
				<guid>A87222F55F8E11DDBFDAD100B140AD30</guid>
				<members>
					<member>
						<type>user</type>
						<name>oc4jadmin</name>
					</member>
				</members>
			</role>
			<role>
				<name>California</name>
				<guid>7A1150775F8F11DD9F261B6F8042D89F</guid>
				<members>
					<member>
						<type>user</type>
						<name>istone</name>
					</member>
					<member>
						<type>user</type>
						<name>jcooper</name>
					</member>
				</members>
			</role>
			<role>
				<name>oc4j-app-administrators</name>
				<display-name>OC4J Application Administrators</display-name>
				<description>OC4J application-level administrators</description>
				<guid>A87222F35F8E11DDBFDAD100B140AD30</guid>
				<members>
				</members>
			</role>
			<role>
				<name>Supervisor</name>
				<guid>7A1150725F8F11DD9F261B6F8042D89F</guid>
				<members>
					<member>
						<type>user</type>
						<name>rsteven</name>
					</member>
					<member>
						<type>user</type>
						<name>jcooper</name>
					</member>
					<member>
						<type>user</type>
						<name>mtwain</name>
					</member>
				</members>
			</role>
			<role>
				<name>WesternRegion</name>
				<guid>7A1150745F8F11DD9F261B6F8042D89F</guid>
				<members>
					<member>
						<type>user</type>
						<name>cdoyle</name>
					</member>
					<member>
						<type>role</type>
						<name>California</name>
					</member>
				</members>
			</role>
			<role>
				<name>LoanAgentGroup</name>
				<guid>7A1150705F8F11DD9F261B6F8042D89F</guid>
				<members>
					<member>
						<type>user</type>
						<name>istone</name>
					</member>
					<member>
						<type>user</type>
						<name>jcooper</name>
					</member>
					<member>
						<type>user</type>
						<name>jlondon</name>
					</member>
					<member>
						<type>user</type>
						<name>mtwain</name>
					</member>
					<member>
						<type>user</type>
						<name>cdoyle</name>
					</member>
					<member>
						<type>user</type>
						<name>wshake</name>
					</member>
					<member>
						<type>role</type>
						<name>LoanAnalyticGroup</name>
					</member>
				</members>
			</role>
			<role>
				<name>BPMDefaultDomainAdmin</name>
				<guid>79A87C755F8F11DDBFD455CFF880A169</guid>
				<members>
					<member>
						<type>user</type>
						<name>default</name>
					</member>
					<member>
						<type>role</type>
						<name>BPMSystemAdmin</name>
					</member>
				</members>
			</role>
			<role>
				<name>BPMWorkflowAdmin</name>
				<guid>79A87C765F8F11DDBFD455CFF880A169</guid>
				<members>
					<member>
						<type>role</type>
						<name>BPMSystemAdmin</name>
					</member>
				</members>
			</role>
			<role>
				<name>BPMWorkflowSuspend</name>
				<guid>79A87C785F8F11DDBFD455CFF880A169</guid>
				<members>
					<member>
						<type>user</type>
						<name>wfaulk</name>
					</member>
					<member>
						<type>user</type>
						<name>sfitzger</name>
					</member>
					<member>
						<type>user</type>
						<name>jstein</name>
					</member>
					<member>
						<type>role</type>
						<name>BPMWorkflowAdmin</name>
					</member>
				</members>
			</role>
			<role>
				<name>BPMWorkflowReassign</name>
				<guid>79A87C775F8F11DDBFD455CFF880A169</guid>
				<members>
					<member>
						<type>user</type>
						<name>wfaulk</name>
					</member>
					<member>
						<type>user</type>
						<name>sfitzger</name>
					</member>
					<member>
						<type>user</type>
						<name>jstein</name>
					</member>
					<member>
						<type>role</type>
						<name>BPMWorkflowAdmin</name>
					</member>
				</members>
			</role>
			<role>
				<name>RegionalOffices</name>
				<guid>7A1150735F8F11DD9F261B6F8042D89F</guid>
				<members>
					<member>
						<type>role</type>
						<name>WesternRegion</name>
					</member>
					<member>
						<type>role</type>
						<name>CentralRegion</name>
					</member>
					<member>
						<type>role</type>
						<name>EasternRegion</name>
					</member>
				</members>
			</role>
			<role>
				<name>BPMAnalyst</name>
				<guid>79A87C7A5F8F11DDBFD455CFF880A169</guid>
				<members>
					<member>
						<type>user</type>
						<name>default</name>
					</member>
					<member>
						<type>user</type>
						<name>guest</name>
					</member>
					<member>
						<type>user</type>
						<name>sfitzger</name>
					</member>
					<member>
						<type>user</type>
						<name>jstein</name>
					</member>
					<member>
						<type>role</type>
						<name>BPMWorkflowAdmin</name>
					</member>
					<member>
						<type>role</type>
						<name>EasternRegion</name>
					</member>
				</members>
			</role>
			<role>
				<name>rule-administrators</name>
				<guid>79A87C7B5F8F11DDBFD455CFF880A169</guid>
				<members>
					<member>
						<type>role</type>
						<name>BPMWorkflowAdmin</name>
					</member>
				</members>
			</role>
			<role>
				<name>BPMWorkflowViewHistory</name>
				<guid>79A87C795F8F11DDBFD455CFF880A169</guid>
				<members>
					<member>
						<type>user</type>
						<name>wfaulk</name>
					</member>
					<member>
						<type>role</type>
						<name>BPMWorkflowAdmin</name>
					</member>
					<member>
						<type>role</type>
						<name>RegionalOffices</name>
					</member>
				</members>
			</role>
		</roles>
	</realm>
</jazn-realm>
<!-- JACC Repository Data -->
<jacc-repository>
</jacc-repository>
<jazn-policy>
	<grant>
		<grantee>
			<principals>
				<principal>
					<realm-name>jazn.com</realm-name>
					<type>role</type>
					<class>oracle.security.jazn.spi.xml.XMLRealmRole</class>
					<name>jazn.com/oc4j-administrators</name>
				</principal>
			</principals>
		</grantee>
		<permissions>
			<permission>
				<class>oracle.security.jazn.policy.RoleAdminPermission</class>
				<name>jazn.com/*</name>
			</permission>
			<permission>
				<class>oracle.security.jazn.policy.AdminPermission</class>
				<name>oracle.security.jazn.realm.RealmPermission$jazn.com$createrole</name>
			</permission>
			<permission>
				<class>oracle.security.jazn.policy.AdminPermission</class>
				<name>oracle.security.jazn.realm.RealmPermission$jazn.com$modifyrealmmetadata</name>
			</permission>
			<permission>
				<class>oracle.security.jazn.policy.AdminPermission</class>
				<name>oracle.security.jazn.policy.RoleAdminPermission$jazn.com/*$</name>
			</permission>
			<permission>
				<class>oracle.security.jazn.policy.AdminPermission</class>
				<name>oracle.security.jazn.realm.RealmPermission$jazn.com$createrealm</name>
			</permission>
			<permission>
				<class>oracle.security.jazn.policy.AdminPermission</class>
				<name>oracle.security.jazn.realm.RealmPermission$jazn.com$droprealm</name>
			</permission>
			<permission>
				<class>oracle.security.jazn.policy.AdminPermission</class>
				<name>oracle.security.jazn.realm.RealmPermission$jazn.com$droprole</name>
			</permission>
			<permission>
				<class>oracle.security.jazn.realm.RealmPermission</class>
				<name>jazn.com</name>
				<actions>modifyrealmmetadata</actions>
			</permission>
			<permission>
				<class>oracle.security.jazn.realm.RealmPermission</class>
				<name>jazn.com</name>
				<actions>createrealm</actions>
			</permission>
			<permission>
				<class>oracle.security.jazn.realm.RealmPermission</class>
				<name>jazn.com</name>
				<actions>dropuser</actions>
			</permission>
			<permission>
				<class>oracle.security.jazn.realm.RealmPermission</class>
				<name>jazn.com</name>
				<actions>droprealm</actions>
			</permission>
			<permission>
				<class>com.evermind.server.AdministrationPermission</class>
				<name>administration</name>
				<actions>administration</actions>
			</permission>
			<permission>
				<class>com.evermind.server.rmi.RMIPermission</class>
				<name>login</name>
			</permission>
			<permission>
				<class>com.evermind.server.rmi.RMIPermission</class>
				<name>subject.propagation</name>
			</permission>
		</permissions>
	</grant>
	<grant>
		<grantee>
			<principals>
				<principal>
					<realm-name>jazn.com</realm-name>
					<type>role</type>
					<class>oracle.security.jazn.spi.xml.XMLRealmRole</class>
					<name>jazn.com/ascontrol_admin</name>
				</principal>
			</principals>
		</grantee>
		<permissions>
			<permission>
				<class>oracle.security.jazn.policy.RoleAdminPermission</class>
				<name>jazn.com/*</name>
			</permission>
			<permission>
				<class>oracle.security.jazn.policy.AdminPermission</class>
				<name>oracle.security.jazn.realm.RealmPermission$jazn.com$createrole</name>
			</permission>
			<permission>
				<class>oracle.security.jazn.policy.AdminPermission</class>
				<name>oracle.security.jazn.realm.RealmPermission$jazn.com$modifyrealmmetadata</name>
			</permission>
			<permission>
				<class>oracle.security.jazn.policy.AdminPermission</class>
				<name>oracle.security.jazn.policy.RoleAdminPermission$jazn.com/*$</name>
			</permission>
			<permission>
				<class>oracle.security.jazn.policy.AdminPermission</class>
				<name>oracle.security.jazn.realm.RealmPermission$jazn.com$createrealm</name>
			</permission>
			<permission>
				<class>oracle.security.jazn.policy.AdminPermission</class>
				<name>oracle.security.jazn.realm.RealmPermission$jazn.com$droprealm</name>
			</permission>
			<permission>
				<class>oracle.security.jazn.policy.AdminPermission</class>
				<name>oracle.security.jazn.realm.RealmPermission$jazn.com$droprole</name>
			</permission>
			<permission>
				<class>oracle.security.jazn.realm.RealmPermission</class>
				<name>jazn.com</name>
				<actions>modifyrealmmetadata</actions>
			</permission>
			<permission>
				<class>oracle.security.jazn.realm.RealmPermission</class>
				<name>jazn.com</name>
				<actions>createrealm</actions>
			</permission>
			<permission>
				<class>oracle.security.jazn.realm.RealmPermission</class>
				<name>jazn.com</name>
				<actions>dropuser</actions>
			</permission>
			<permission>
				<class>oracle.security.jazn.realm.RealmPermission</class>
				<name>jazn.com</name>
				<actions>droprealm</actions>
			</permission>
			<permission>
				<class>com.evermind.server.AdministrationPermission</class>
				<name>administration</name>
				<actions>administration</actions>
			</permission>
			<permission>
				<class>com.evermind.server.rmi.RMIPermission</class>
				<name>login</name>
			</permission>
			<permission>
				<class>com.evermind.server.rmi.RMIPermission</class>
				<name>subject.propagation</name>
			</permission>
		</permissions>
	</grant>
	<grant>
		<grantee>
			<principals>
				<principal>
					<realm-name>jazn.com</realm-name>
					<type>role</type>
					<class>oracle.security.jazn.spi.xml.XMLRealmRole</class>
					<name>jazn.com/oc4j-app-administrators</name>
				</principal>
			</principals>
		</grantee>
		<permissions>
			<permission>
				<class>com.evermind.server.rmi.RMIPermission</class>
				<name>login</name>
			</permission>
		</permissions>
	</grant>
	<grant>
		<grantee>
			<principals>
				<principal>
					<realm-name>jazn.com</realm-name>
					<type>role</type>
					<class>oracle.security.jazn.spi.xml.XMLRealmRole</class>
					<name>jazn.com/users</name>
				</principal>
			</principals>
		</grantee>
		<permissions>
			<permission>
				<class>com.evermind.server.rmi.RMIPermission</class>
				<name>login</name>
			</permission>
		</permissions>
	</grant>
	<grant>
		<grantee>
			<principals>
				<principal>
					<realm-name>jazn.com</realm-name>
					<type>user</type>
					<class>oracle.security.jazn.spi.xml.XMLRealmUser</class>
					<name>jazn.com/anonymous</name>
				</principal>
			</principals>
		</grantee>
		<permissions>
			<permission>
				<class>com.evermind.server.rmi.RMIPermission</class>
				<name>login</name>
			</permission>
		</permissions>
	</grant>
	<grant>
		<grantee>
			<principals>
				<principal>
					<realm-name>jazn.com</realm-name>
					<type>role</type>
					<class>oracle.security.jazn.spi.xml.XMLRealmRole</class>
					<name>jazn.com/BPMSystemAdmin</name>
				</principal>
			</principals>
		</grantee>
		<permissions>
			<permission>
				<class>com.collaxa.security.ServerPermission</class>
				<name>server</name>
				<actions>all</actions>
			</permission>
		</permissions>
	</grant>
	<grant>
		<grantee>
			<principals>
				<principal>
					<realm-name>jazn.com</realm-name>
					<type>role</type>
					<class>oracle.security.jazn.spi.xml.XMLRealmRole</class>
					<name>jazn.com/BPMDefaultDomainAdmin</name>
				</principal>
			</principals>
		</grantee>
		<permissions>
			<permission>
				<class>com.collaxa.security.DomainPermission</class>
				<name>default</name>
				<actions>all</actions>
			</permission>
		</permissions>
	</grant>
</jazn-policy>
<!-- Login Module Data -->
<jazn-loginconfig>
	<application>
		<name>oracle.security.jazn.oc4j.CertificateAuthenticator</name>
		<login-modules>
			<login-module>
				<class>oracle.security.jazn.login.module.X509LoginModule</class>
				<control-flag>required</control-flag>
				<options>
					<option>
						<name>addAllRoles</name>
						<value>true</value>
					</option>
				</options>
			</login-module>
		</login-modules>
	</application>
	<application>
		<name>oracle.security.jazn.tools.Admintool</name>
		<login-modules>
			<login-module>
				<class>oracle.security.jazn.login.module.RealmLoginModule</class>
				<control-flag>required</control-flag>
				<options>
					<option>
						<name>addAllRoles</name>
						<value>true</value>
					</option>
				</options>
			</login-module>
		</login-modules>
	</application>
	<application>
		<name>oracle.security.jazn.oc4j.WebCoreIDSSOAuthenticator</name>
		<login-modules>
			<login-module>
				<class>oracle.security.jazn.login.module.coreid.CoreIDLoginModule</class>
				<control-flag>required</control-flag>
				<options>
					<option>
						<name>coreid.name.attribute</name>
						<value>your credential mapping variable name</value>
					</option>
					<option>
						<name>addAllRoles</name>
						<value>true</value>
					</option>
					<option>
						<name>coreid.resource.operation</name>
						<value>your oreid resource operation</value>
					</option>
					<option>
						<name>coreid.resource.type</name>
						<value>your coreid resource type</value>
					</option>
					<option>
						<name>coreid.name.header</name>
						<value>your http header name variable</value>
					</option>
					<option>
						<name>coreid.resource.name</name>
						<value>your coreid resource name</value>
					</option>
					<option>
						<name>coreid.password.attribute</name>
						<value>your password authentication variable</value>
					</option>
					<option>
						<name>coreid.password.header</name>
						<value>your http header password variable</value>
					</option>
				</options>
			</login-module>
		</login-modules>
	</application>
	<application>
		<name>oracle.security.wss.jaas.SAMLAuthManager</name>
		<login-modules>
			<login-module>
				<class>oracle.security.jazn.login.module.saml.SAMLLoginModule</class>
				<control-flag>required</control-flag>
				<options>
					<option>
						<name>issuer.name.1</name>
						<value>www.oracle.com</value>
					</option>
					<option>
						<name>addAllRoles</name>
						<value>true</value>
					</option>
				</options>
			</login-module>
		</login-modules>
	</application>
	<application>
		<name>oracle.security.jazn.oc4j.DigestAuthenticator</name>
		<login-modules>
			<login-module>
				<class>oracle.security.jazn.login.module.digest.DigestLoginModule</class>
				<control-flag>required</control-flag>
				<options>
					<option>
						<name>addAllRoles</name>
						<value>true</value>
					</option>
				</options>
			</login-module>
		</login-modules>
	</application>
	<application>
		<name>oracle.security.jazn.oc4j.JAZNUserManager</name>
		<login-modules>
			<login-module>
				<class>oracle.security.jazn.login.module.RealmLoginModule</class>
				<control-flag>required</control-flag>
				<options>
					<option>
						<name>addAllRoles</name>
						<value>true</value>
					</option>
				</options>
			</login-module>
		</login-modules>
	</application>
	<application>
		<name>oracle.security.wss.jaas.JAASAuthManager</name>
		<login-modules>
			<login-module>
				<class>oracle.security.jazn.login.module.WSSLoginModule</class>
				<control-flag>required</control-flag>
				<options>
					<option>
						<name>addAllRoles</name>
						<value>true</value>
					</option>
				</options>
			</login-module>
		</login-modules>
	</application>
</jazn-loginconfig>
<jazn-permission-classes>
</jazn-permission-classes>
</jazn-data>
