<?xml version="1.0" encoding="UTF-8"?>
<application version="1.4"
             xmlns="http://java.sun.com/xml/ns/j2ee"
             xmlns:xsi="http://www.w3.org/2001/XMLSchema-instance"
             xsi:schemaLocation="http://java.sun.com/xml/ns/j2ee http://java.sun.com/xml/ns/j2ee/application_1_4.xsd">
  <display-name>LeaveApprovalDecisionService</display-name>
  <description>LeaveApprovalDecisionService</description>
  <module>
    <web>
      <web-uri>LeaveApprovalDecisionService-web.war</web-uri>
      <context-root>/rules/${domain_id}/${process_id}/${process_revision}</context-root>
    </web>
  </module>
</application>
